{
  "hash": "bfd4b3e4",
  "configHash": "599a9613",
  "lockfileHash": "f1b8ecc8",
  "browserHash": "dd15a641",
  "optimized": {
    "@angular/common": {
      "src": "../../../../../../node_modules/@angular/common/fesm2022/common.mjs",
      "file": "@angular_common.js",
      "fileHash": "c2e77258",
      "needsInterop": false
    },
    "@angular/common/http": {
      "src": "../../../../../../node_modules/@angular/common/fesm2022/http.mjs",
      "file": "@angular_common_http.js",
      "fileHash": "e4919175",
      "needsInterop": false
    },
    "@angular/core": {
      "src": "../../../../../../node_modules/@angular/core/fesm2022/core.mjs",
      "file": "@angular_core.js",
      "fileHash": "d8ddd408",
      "needsInterop": false
    },
    "@angular/platform-browser": {
      "src": "../../../../../../node_modules/@angular/platform-browser/fesm2022/platform-browser.mjs",
      "file": "@angular_platform-browser.js",
      "fileHash": "5793838d",
      "needsInterop": false
    },
    "zone.js": {
      "src": "../../../../../../node_modules/zone.js/fesm2015/zone.js",
      "file": "zone__js.js",
      "fileHash": "cb720875",
      "needsInterop": true
    }
  },
  "chunks": {
    "chunk-5ERYUJN5": {
      "file": "chunk-5ERYUJN5.js"
    },
    "chunk-3L5M4XRR": {
      "file": "chunk-3L5M4XRR.js"
    },
    "chunk-Z6GSXJIQ": {
      "file": "chunk-Z6GSXJIQ.js"
    },
    "chunk-GD7NDEQL": {
      "file": "chunk-GD7NDEQL.js"
    },
    "chunk-GOMI4DH3": {
      "file": "chunk-GOMI4DH3.js"
    }
  }
}